algoritmo,heuristica,coste_total_pasos,nodos_expandidos,tiempo_ejecucion_s,eficiencia_coste_sobre_nodos_pct,factor_expansion_nodos_por_paso,diferencia_coste_frente_astar_manhattan
A*,Nula,580,133067,0.1694868749473244,0.4358706516266242,229.42586206896553,igual
A*,Manhattan,580,19152,0.026263334089890122,3.0284043441938175,33.02068965517241,igual
A*,Euclidiana,580,33629,0.05305725010111928,1.7247018941984598,57.98103448275862,igual
Greedy,Nula,580,133067,0.16665470809675753,0.4358706516266242,229.42586206896553,igual
Greedy,Manhattan,590,598,0.0009977498557418585,98.66220735785953,1.0135593220338983,+10 pasos
Greedy,Euclidiana,586,589,0.0010268341284245253,99.49066213921901,1.0051194539249146,+6 pasos
Dijkstra,Nula,580,133067,0.16933550010435283,0.4358706516266242,229.42586206896553,igual
