algoritmo,heuristica,coste_total_pasos,nodos_expandidos,tiempo_ejecucion_s,eficiencia_coste_sobre_nodos_pct,factor_expansion_nodos_por_paso,diferencia_coste_frente_astar_manhattan
A*,Nula,580,133067,0.17066745809279382,0.4358706516266242,229.42586206896553,igual
A*,Manhattan,580,19152,0.02651433297432959,3.0284043441938175,33.02068965517241,igual
A*,Euclidiana,580,33629,0.05328104179352522,1.7247018941984598,57.98103448275862,igual
Greedy,Nula,580,133067,0.16636062506586313,0.4358706516266242,229.42586206896553,igual
Greedy,Manhattan,590,598,0.0009773329365998507,98.66220735785953,1.0135593220338983,+10 pasos
Greedy,Euclidiana,586,589,0.0009991249535232782,99.49066213921901,1.0051194539249146,+6 pasos
Dijkstra,Nula,580,133067,0.16622370900586247,0.4358706516266242,229.42586206896553,igual
